A @videogame technical beta has been announced,announcement_beta
"@videogame beta release, console versions coming in 2018",announcement_beta
@videogame beta details,announcement_beta
@videogame 's beta is now available,announcement_beta
A beta for @videogame,announcement_beta
An announcement from @gameDevelopers is scheduled for later today,announcement_game
"@videogame is scheduled to be released on October 26, 2018",announcement_game
Here are your top new games releasing in May,announcement_game
@videogame 's release date announcement stirred up some serious emotion,announcement_game
Big @videogame announcement drops September 1,announcement_game
@videogame release date announced,announcement_game
@movie gets a release date,announcement_movie
@movie release date announced,announcement_movie
Every @entertainmentCompany Original Movie released in 2018 so far,announcement_movie
@entertainmentCompany officially announces @movie movie adaptation,announcement_movie
Release date announced for next @movie movie,announcement_movie
@videogame latest update has added the buddy system,announcement_patch
@videogame has received a day one patch,announcement_patch
@videogame on @platform getting patch,announcement_patch
Next week's @videogame patch adds new game plus mode,announcement_patch
@platform is getting a big update,announcement_patch
New @videogame trailer is coming,announcement_trailer
Here's the announcement trailer for @videogame,announcement_trailer
Take a look at the official reveal trailer for @videogame,announcement_trailer
Have you seen the newest trailer for the live action @movie ?,announcement_trailer
Here's the first trailer for @movie,announcement_trailer
The latest trailer for @videogame is here,announcement_trailer
@videogame is just $45 on Amazon,discountsPromotion
@videogame for $35 in this killer pre-order deal,discountsPromotion
Your free @consoleSubscription @platform games for May are out now,discountsPromotion
Killer discounts happening now on @platform games,discountsPromotion
Even more @platform games are on sale now,discountsPromotion
Gift cards are 20% off,discountsPromotion
The 25 best Android games,ranking
The 10 best Netflix Originals of 2018 so far,ranking
These were the BEST games of 2008,ranking
Here are the best horror movies streaming,ranking
"Every @movie movie, ranked from worst to best",ranking
Here's our @movie review,review
New @movie review,review
Our review of @videogame,review
@movie review from Cliff Wheatley,review
"We played @videogame, here's what we think",review
